study,dataset,method,case,wait,n_initializations,mse_median,nmse_median,difference_error_median,repeat_mse_median,wrong_ratio_median,repeat_vs_difference_median
pi4,screen,fixed_behavior,long8,0,3,0.09657151821965426,0.1293362005980568,,0.0692034207353433,2.1193712138699126,
pi4,screen,fixed_behavior,reset_iso,0,3,0.047767818289865684,0.17511904717885277,0.4847768887293778,0.04542759219700692,2.054585657396954,0.5475473809075976
pi4,screen,fixed_behavior,reset_iso,256,3,0.04670707191213319,0.17123030154178556,0.4840646038158771,0.045308420528347236,2.0539597312342366,0.5461109821926928
pi4,screen,fixed_behavior,reset_null,0,3,0.037793303351602796,0.13855201073895715,,0.031246501701039753,1.0,
pi4,screen,fixed_behavior,reset_null,256,3,0.03723515776818756,0.13650582302819253,,0.0313479507411579,1.0,
pi4,screen,fixed_behavior,reset_ring4,0,3,0.03261231040683294,0.11955824923989065,0.42110551183496864,0.03168746809897859,2.1020357496087922,0.5003722143540793
pi4,screen,fixed_behavior,reset_ring4,256,3,0.0325345938213385,0.11927333661693612,0.421074914469401,0.03171034956803115,2.136459658529385,0.5007335323142817
pi4,screen,fixed_behavior,ring4,0,3,0.023558002496356756,0.03155073662224163,,0.0084450757236818,1.6627833590592669,
pi4,screen,fixed_behavior,ring8,0,3,0.01969377566030674,0.026375458999630504,,0.006426879175586435,1.7097646324779265,
pi4,screen,fixed_mse,long8,0,3,0.13442205185038014,0.18002862317416515,,8.525077460848411e-05,0.9967960922627711,
pi4,screen,fixed_mse,reset_iso,0,3,0.05022310611043315,0.1841202467119459,0.9990641984032946,5.555686117160035e-05,1.0008209288097363,0.0006696373801638787
pi4,screen,fixed_mse,reset_iso,256,3,0.050466170789222047,0.1850113331478817,0.9991303910267678,5.25854714267198e-05,1.000814418052987,0.0006338226562531485
pi4,screen,fixed_mse,reset_null,0,3,0.05236276730702125,0.19196434433763895,,3.894732157416591e-05,1.0,
pi4,screen,fixed_mse,reset_null,256,3,0.05133234764401438,0.18818677784956675,,3.3513957917048515e-05,1.0,
pi4,screen,fixed_mse,reset_ring4,0,3,0.040968748020307935,0.15019333882680053,0.9966566376626278,4.6927526769563855e-05,1.00266791031255,0.000741025771150327
pi4,screen,fixed_mse,reset_ring4,256,3,0.04093539718450864,0.15007107310906667,0.997344499936608,3.452173275177321e-05,1.0021068108122295,0.000545127676543564
pi4,screen,fixed_mse,ring4,0,3,0.023740063132206817,0.03179456659771903,,6.105209611486316e-05,1.0017993664783138,
pi4,screen,fixed_mse,ring8,0,3,0.018458332910477337,0.024720856542662706,,6.0710300657494086e-05,0.9931080855496524,
pi4,screen,free_behavior,long8,0,3,0.11733205736765003,0.15714035347118127,,8.888736952289541e-05,1.002094637293207,
pi4,screen,free_behavior,reset_iso,0,3,0.04861496635340173,0.17822473144531037,1.001069024704979,5.829018694956583e-05,0.999064287435814,0.0007025826739492454
pi4,screen,free_behavior,reset_iso,256,3,0.0483692046801232,0.17732375770193246,1.0000410980148542,1.1039900505989694e-07,0.9999618891370845,1.3306601374160869e-06
pi4,screen,free_behavior,reset_null,0,3,0.05853726023565555,0.21460032306108848,,9.726301931202687e-05,1.0,
pi4,screen,free_behavior,reset_null,256,3,0.05626973956436604,0.20628748664463406,,1.241004694859351e-07,1.0,
pi4,screen,free_behavior,reset_ring4,0,3,0.041741776090925276,0.15302729574623838,1.0001220734146872,6.681747703472691e-05,0.9999943505822888,0.0010551050919242373
pi4,screen,free_behavior,reset_ring4,256,3,0.040749919896265765,0.1493911047296588,0.9999919269175478,2.014216528388883e-07,1.00000639701393,3.1806201156570747e-06
pi4,screen,free_behavior,ring4,0,3,0.02180157860477094,0.02919839509375224,,0.00011009134425025357,0.9981118130288692,
pi4,screen,free_behavior,ring8,0,3,0.017224776042012797,0.023068779806891038,,8.53520258520764e-05,1.0049493838440682,
pi4,screen,free_mse,long8,0,3,0.11581999570962971,0.15511528113594544,,3.271662521759693e-05,0.9987779910066468,
pi4,screen,free_mse,reset_iso,0,3,0.04656377199034589,0.1707049573526933,1.0002412533937217,2.7976127572105594e-05,0.9998483181137717,0.00033720156933724773
pi4,screen,free_mse,reset_iso,256,3,0.046414350171454816,0.17015717000362177,1.000012138278559,5.904066667076514e-08,0.9999891882542402,7.116283483047094e-07
pi4,screen,free_mse,reset_null,0,3,0.055961107813926915,0.2051560282694981,,2.5352574656687264e-05,1.0,
pi4,screen,free_mse,reset_null,256,3,0.05443749525855037,0.199570393661943,,5.389916804482487e-08,1.0,
pi4,screen,free_mse,reset_ring4,0,3,0.04068658873455173,0.1491589297404476,0.9997857760342723,2.5609550776265204e-05,1.000151863633178,0.0004043967031542701
pi4,screen,free_mse,reset_ring4,256,3,0.039757364629669834,0.14575235088279306,0.9999985824477672,1.1426039455629268e-07,1.0000015839508531,1.804269323712419e-06
pi4,screen,free_mse,ring4,0,3,0.02192805183664991,0.02936777802973733,,3.2321175134498454e-05,1.01170555917348,
pi4,screen,free_mse,ring8,0,3,0.01724729150906183,0.023098934297744015,,3.259315796948073e-05,0.9938968927468131,
pi4,screen,ode_behavior,long8,0,3,0.3094708213302337,0.41446775368875216,,0.0005493201930664838,1.003214181842495,
pi4,screen,ode_behavior,reset_iso,0,3,0.06599930057972499,0.24195651059165513,0.9985484204676317,0.0004245950947807257,1.0011379116344663,0.005117725172075425
pi4,screen,ode_behavior,reset_iso,256,3,0.06585466558008045,0.24142627194494184,0.9979379167624607,0.00036232918820920814,1.001533822444742,0.004367222395806383
pi4,screen,ode_behavior,reset_null,0,3,0.08507715370769191,0.3118968089262864,,0.0005206836757619375,1.0,
pi4,screen,ode_behavior,reset_null,256,3,0.08499291887843811,0.31158800011804894,,0.0004629511232860674,1.0,
pi4,screen,ode_behavior,reset_ring4,0,3,0.06130601241799046,0.2247506975475809,0.9975127612617708,0.0005167090583807397,1.0017400876215137,0.008159277822740148
pi4,screen,ode_behavior,reset_ring4,256,3,0.061080829219829956,0.22392516545266164,1.0008178033560722,0.00042083319487553613,1.000309376470787,0.006645315963264398
pi4,screen,ode_behavior,ring4,0,3,0.031075938183292757,0.04161934956334949,,7.679090345524165e-05,1.0051874901002857,
pi4,screen,ode_behavior,ring8,0,3,0.02373337528726779,0.03178560970783525,,8.703982887311593e-05,0.9955661242008483,
c1,d01,fixed_behavior,long8,0,3,0.10810587351154538,0.15436734694341622,,0.04407396931646235,1.6562112230410273,
c1,d01,fixed_behavior,reset_iso,0,3,0.04821582712613073,0.18301575221030975,0.5730402585371004,0.027501116597514714,1.8178262999064465,0.30970441900696877
c1,d01,fixed_behavior,reset_iso,256,3,0.04829178983641461,0.1833040884971927,0.5636940910558385,0.026977696933864,1.8080113349129534,0.303809917150909
c1,d01,fixed_behavior,reset_null,0,3,0.03464325223440111,0.13149750288643886,,0.01901675846607531,1.0,
c1,d01,fixed_behavior,reset_null,256,3,0.03477348387907369,0.13199183107350881,,0.01938205283053199,1.0,
c1,d01,fixed_behavior,reset_ring4,0,3,0.036333180693206645,0.13791206728374414,0.3928882714721569,0.02588391216000453,2.4835867377320366,0.2764123179573315
c1,d01,fixed_behavior,reset_ring4,256,3,0.03674731325167799,0.139484015463854,0.39269008121495497,0.025966678479492505,2.468320205670516,0.27729617315190364
c1,d01,fixed_behavior,ring4,0,3,0.02296457575361478,0.032791748659132966,,0.004518071263560892,1.435556739136109,
c1,d01,fixed_behavior,ring8,0,3,0.01933469142179873,0.027608537092426774,,0.005399819331396998,1.4492564920066535,
c1,d01,fixed_mse,long8,0,3,0.14165216248470866,0.20226901463616512,,0.0008828143974484239,1.0110451698931218,
c1,d01,fixed_mse,reset_iso,0,3,0.09172270495044531,0.34815745869829623,0.9853880542487008,0.0003717526616849856,1.0073217135740207,0.00418650063509957
c1,d01,fixed_mse,reset_iso,256,3,0.09188155255729269,0.3487604062362059,0.9854934446622273,0.00035082492565395254,1.007248089324143,0.00395082248342743
c1,d01,fixed_mse,reset_null,0,3,0.04214879544466949,0.15998675046858407,,0.0003153241584186639,1.0,
c1,d01,fixed_mse,reset_null,256,3,0.04218372835997703,0.16011934746324277,,0.0002848818526470604,1.0,
c1,d01,fixed_mse,reset_ring4,0,3,0.04854324614095638,0.18425855651043133,0.9761705228082597,0.0003866572312859194,1.023275605474132,0.004129082995415571
c1,d01,fixed_mse,reset_ring4,256,3,0.048325995063183545,0.18343392336013645,0.9760375186564426,0.00036572426933273943,1.023490371046081,0.0039055414959921664
c1,d01,fixed_mse,ring4,0,3,0.023936052580442433,0.03417894711101336,,0.00026609600614999437,1.0586838403248204,
c1,d01,fixed_mse,ring8,0,3,0.020496041348098296,0.029266860559714145,,0.00023010841100581372,1.0312037584169855,
c1,d01,free_behavior,long8,0,3,0.10759320390851967,0.1536352919319079,,0.00029655209928175063,1.0061414675090627,
c1,d01,free_behavior,reset_iso,0,3,0.07405767000932192,0.28110520946250583,1.0007118330481652,0.0003810865836236382,0.9997163236208398,0.0042916147987669484
c1,d01,free_behavior,reset_iso,256,3,0.0726344749981485,0.2757031014611126,1.000144145295734,3.067240437643823e-07,0.9999132541343027,3.454179448775571e-06
c1,d01,free_behavior,reset_null,0,3,0.03844016958143358,0.145909693359283,,0.0004180394630160957,1.0,
c1,d01,free_behavior,reset_null,256,3,0.03799780289205863,0.14423057516854965,,2.5991296629997896e-07,1.0,
c1,d01,free_behavior,reset_ring4,0,3,0.04582432804774896,0.17393819347435066,0.9990973084015808,0.0003152603658302654,1.001386956758289,0.0033666413307440585
c1,d01,free_behavior,reset_ring4,256,3,0.04540703738027738,0.17235425786752448,1.0000525625161858,1.6515268061660312e-06,0.9999466124852587,1.7636528428898104e-05
c1,d01,free_behavior,ring4,0,3,0.02226264602548519,0.03178944391515894,,0.00013469315221491569,1.0065017410459516,
c1,d01,free_behavior,ring8,0,3,0.01981591155032478,0.02829568453523804,,0.00012424462201672908,1.0043382181034102,
c1,d01,free_mse,long8,0,3,0.10364357874306813,0.14799551364412972,,6.366351879580821e-05,1.0006240062685783,
c1,d01,free_mse,reset_iso,0,3,0.06897515183038687,0.2618131855964202,0.9974711516769121,3.282805128624616e-05,1.0015101062549094,0.00036969380914724886
c1,d01,free_mse,reset_iso,256,3,0.06717268048822408,0.2549714353209247,0.9999668451124442,6.897332892814352e-08,1.0000198390828703,7.767446346014064e-07
c1,d01,free_mse,reset_null,0,3,0.03852207258751631,0.1462205775887976,,2.5783656782971234e-05,1.0,
c1,d01,free_mse,reset_null,256,3,0.03843683135192655,0.14589702223818657,,5.7189375905899435e-08,1.0,
c1,d01,free_mse,reset_ring4,0,3,0.04588168623985678,0.17415591145825196,1.0001148258725865,3.140375311704844e-05,0.9999349678200471,0.0003353582772953443
c1,d01,free_mse,reset_ring4,256,3,0.0455561736655703,0.1729203435506205,1.000040345129596,9.015888044415163e-08,0.99995873792953,9.627997875264586e-07
c1,d01,free_mse,ring4,0,3,0.022270786431724702,0.03180106782488204,,8.275404329322854e-05,1.0080647853209888,
c1,d01,free_mse,ring8,0,3,0.019658570308054322,0.028071012652525967,,7.495515921066813e-05,1.0163877878078098,
c1,d01,ode_behavior,long8,0,3,0.36433774303988353,0.5202478732888872,,0.0007568336771553568,0.9997370190350515,
c1,d01,ode_behavior,reset_iso,0,3,0.15990680476360886,0.6069679999640305,0.9966186328128719,0.0006675355864383444,1.0015500098588874,0.007517466435637261
c1,d01,ode_behavior,reset_iso,256,3,0.15931005267480097,0.6047028717078969,0.9970946336650309,0.0005289269273344295,1.0013029420002648,0.0059565220250749505
c1,d01,ode_behavior,reset_null,0,3,0.05342724017631559,0.20279703019115158,,0.0007388991558073127,1.0,
c1,d01,ode_behavior,reset_null,256,3,0.05322205662997922,0.20201820250505392,,0.0004507370820978748,1.0,
c1,d01,ode_behavior,reset_ring4,0,3,0.0808290883231292,0.3068078944541001,1.0041810401039795,0.0007325489310335695,0.9985809504510832,0.007822833997908256
c1,d01,ode_behavior,reset_ring4,256,3,0.08072620973733546,0.3064173919388966,1.0009370782840887,0.0006183377700727276,1.0000568352171118,0.006603181746632084
c1,d01,ode_behavior,ring4,0,3,0.032337163018074815,0.04617512352133072,,0.00013751403655389192,1.0041075400075807,
c1,d01,ode_behavior,ring8,0,3,0.028452130866308073,0.04062757937245472,,0.00014306213705740322,0.9929528177379154,
c1,d02,fixed_behavior,long8,0,3,0.14381818596648563,0.20712905564257636,,0.07604873285605172,1.2930117806716,
c1,d02,fixed_behavior,reset_iso,0,3,0.06405286530986459,0.23579786026666616,0.4576021881442506,0.05337195841780048,1.560734350860925,0.4820995486614093
c1,d02,fixed_behavior,reset_iso,256,3,0.06407548165153772,0.23588111782193374,0.45718712321748783,0.053769275319471656,1.5632932108299828,0.48568844261714134
c1,d02,fixed_behavior,reset_null,0,3,0.04317017320685404,0.1589223904391025,,0.03440863233391868,1.0,
c1,d02,fixed_behavior,reset_null,256,3,0.043051382416581525,0.15848508581533366,,0.034316932806881806,1.0,
c1,d02,fixed_behavior,reset_ring4,0,3,0.06116375796070559,0.2251621872531831,0.5509667215126849,0.037534971659818575,1.4485921787260456,0.4314652176391277
c1,d02,fixed_behavior,reset_ring4,256,3,0.060956949670900366,0.22440086374352317,0.5501642280153592,0.03761522014903599,1.4534024650061885,0.4323876755586169
c1,d02,fixed_behavior,ring4,0,3,0.029139511574822984,0.04196715091223241,,0.004882815840597691,1.259365043175381,
c1,d02,fixed_behavior,ring8,0,3,0.025527489722861896,0.03676506419330109,,0.007960372936331393,1.1898924400151412,
c1,d02,fixed_mse,long8,0,3,0.1326607075796223,0.19105989202399196,,0.0019015657890116319,1.0061264949552677,
c1,d02,fixed_mse,reset_iso,0,3,0.05428340884730278,0.19983355299178684,0.9777700966415511,0.0008352475596543257,1.0170890278540592,0.0075446448559698285
c1,d02,fixed_mse,reset_iso,256,3,0.05423103846779114,0.19964076187509816,0.9766398295164789,0.0007551409449394832,1.0179680365889663,0.0068210558413696306
c1,d02,fixed_mse,reset_null,0,3,0.03496691127384099,0.1287237162400019,,0.001716492320660812,1.0,
c1,d02,fixed_mse,reset_null,256,3,0.03521504111251697,0.12963715679797017,,0.0016255590130861324,1.0,
c1,d02,fixed_mse,reset_ring4,0,3,0.05441054845369331,0.20030159211848325,0.9973365464826812,0.0009832711661763107,1.0023005599597012,0.011302720874748928
c1,d02,fixed_mse,reset_ring4,256,3,0.054125061443057364,0.19925062857584974,0.9968520592934781,0.0009180516559847525,1.00252200718679,0.010553021356812646
c1,d02,fixed_mse,ring4,0,3,0.029193341924787036,0.042044678169846146,,0.00018144089556071345,1.004098830464019,
c1,d02,fixed_mse,ring8,0,3,0.02584730384088189,0.03722566516529556,,0.0002079713188244741,1.019306847008701,
c1,d02,free_behavior,long8,0,3,0.16745832605638325,0.24117593128054168,,0.0013573138382351527,1.0032578559503267,
c1,d02,free_behavior,reset_iso,0,3,0.06283814283931716,0.23132610154069375,0.9909640924844821,0.0007384022547655158,1.0081646002545184,0.006669858185947614
c1,d02,free_behavior,reset_iso,256,3,0.06806462303342314,0.2505663469307232,0.9999532239168953,5.645310413374234e-07,1.0000380445039163,5.0993099804139296e-06
c1,d02,free_behavior,reset_null,0,3,0.06463496948678393,0.23794076080212012,,0.0006612849998620462,1.0,
c1,d02,free_behavior,reset_null,256,3,0.07302502956253452,0.26882709514173464,,5.874069026621001e-07,1.0,
c1,d02,free_behavior,reset_ring4,0,3,0.056148117266327464,0.20669810546887238,1.0007291398896638,0.0005332660692042668,0.9996058973886673,0.00612990367207575
c1,d02,free_behavior,reset_ring4,256,3,0.061541570745837854,0.22655302973750607,0.9997416948482413,1.260601981570551e-06,1.000223224072054,1.449064390574479e-05
c1,d02,free_behavior,ring4,0,3,0.02448124564366283,0.035258248162770435,,0.0007677404219888408,1.0183233940780196,
c1,d02,free_behavior,ring8,0,3,0.023958847616683893,0.03450588288107437,,0.0007194208668135312,1.0285401287013594,
c1,d02,free_mse,long8,0,3,0.145077435501101,0.20894264524649486,,7.000424935815762e-05,1.0001446357847021,
c1,d02,free_mse,reset_iso,0,3,0.06062465830074958,0.22317759927771688,1.0002563420068729,4.399754154069858e-05,0.9998537200892261,0.0003974220835769086
c1,d02,free_mse,reset_iso,256,3,0.06512132264720072,0.23973117304996294,0.9999994954033145,4.1489986746969383e-08,1.0000008252443544,3.7477178049383097e-07
c1,d02,free_mse,reset_null,0,3,0.05011466847884174,0.1844871660013675,,4.39698604995972e-05,1.0,
c1,d02,free_mse,reset_null,256,3,0.05092042509111258,0.1874533984118936,,4.799250179521071e-08,1.0,
c1,d02,free_mse,reset_ring4,0,3,0.05589047439803264,0.20574964458795797,1.0003935647722448,4.0028869442246094e-05,0.999663198140401,0.0004601326203806815
c1,d02,free_mse,reset_ring4,256,3,0.05944670473740401,0.2188411979569222,0.9999849308250076,7.87277980042657e-08,1.0000108339300726,9.049775448884398e-07
c1,d02,free_mse,ring4,0,3,0.025443807603528535,0.036644543980678415,,7.573238123557035e-05,0.9894467364738685,
c1,d02,free_mse,ring8,0,3,0.023777381606973586,0.03424453287884807,,6.986652407039167e-05,1.0030120427140647,
c1,d02,ode_behavior,long8,0,3,0.32290247160450175,0.4650488640127897,,0.000629682998276283,1.0006539806082153,
c1,d02,ode_behavior,reset_iso,0,3,0.07990145129128519,0.2941412715191168,0.9994257483954794,0.0007102595426488962,1.0005729033539137,0.006415649998507272
c1,d02,ode_behavior,reset_iso,256,3,0.07924003764457092,0.29170640897406247,0.9981436042984766,0.0005373512183550363,1.0023668848634832,0.004853799401807626
c1,d02,ode_behavior,reset_null,0,3,0.05491275559835846,0.20215036765022262,,0.0003958633673463026,1.0,
c1,d02,ode_behavior,reset_null,256,3,0.05445889382242094,0.20047956596000666,,0.0003008169279128158,1.0,
c1,d02,ode_behavior,reset_ring4,0,3,0.0848159952061509,0.31223318565450875,0.9993767457313181,0.0005995692158016177,1.0015124922942946,0.0068920596112371346
c1,d02,ode_behavior,reset_ring4,256,3,0.08433314531338719,0.3104556699884588,1.001218346111809,0.0004621701360762209,0.9997434766709502,0.005312654560011349
c1,d02,ode_behavior,ring4,0,3,0.035614330502836154,0.051292279865872335,,0.00018395260701890414,1.0032043683835643,
c1,d02,ode_behavior,ring8,0,3,0.027413688820126122,0.03948159573028809,,0.000193628831499776,1.0003585336720016,
c1,d03,fixed_behavior,long8,0,3,0.11695137685075353,0.16123300973431579,,0.018742460258795248,1.0664622036934355,
c1,d03,fixed_behavior,reset_iso,0,3,0.0648729825637588,0.255562392828801,0.9006074140015567,0.011950380230852353,1.112328284638696,0.0943193400162298
c1,d03,fixed_behavior,reset_iso,256,3,0.06483984132096011,0.2554318353150837,0.8984555559873116,0.011969666496316185,1.1134348849881832,0.0944715584222375
c1,d03,fixed_behavior,reset_null,0,3,0.03793626162577685,0.14944714136635207,,0.011542795930287042,1.0,
c1,d03,fixed_behavior,reset_null,256,3,0.03662103221049808,0.14426589081791122,,0.011312034185253042,1.0,
c1,d03,fixed_behavior,reset_ring4,0,3,0.044047264809031574,0.17352099359847467,0.9095014104369524,0.00857982760127609,1.0865069496531576,0.11868158083939379
c1,d03,fixed_behavior,reset_ring4,256,3,0.042668564271705726,0.16808970318467176,0.9100154233105795,0.008349413261293355,1.0860591212521367,0.11549434452322942
c1,d03,fixed_behavior,ring4,0,3,0.01962602008991707,0.02705707596962838,,0.001688831530060909,1.0339292266942497,
c1,d03,fixed_behavior,ring8,0,3,0.02021019135931909,0.02786243367042912,,0.0014892363510598421,1.023892626409206,
c1,d03,fixed_mse,long8,0,3,0.11846122738898605,0.16331453928175213,,0.0004160843862192779,1.0053783598573396,
c1,d03,fixed_mse,reset_iso,0,3,0.06471241337109046,0.2549298421818105,0.9994548388189721,0.00039110958805551715,1.0014508344638384,0.0030868639747695117
c1,d03,fixed_mse,reset_iso,256,3,0.06459929739613847,0.254484230031984,1.0001751442924722,0.0003508573746470031,1.0007093989488645,0.0027691701332729977
c1,d03,fixed_mse,reset_null,0,3,0.03999880227970814,0.15757237014409947,,0.00018413225778344728,1.0,
c1,d03,fixed_mse,reset_null,256,3,0.03927642424251657,0.15472661444710792,,0.0001376996280078436,1.0,
c1,d03,fixed_mse,reset_ring4,0,3,0.04473747698607484,0.1762400342307038,0.9925806307547763,0.00022594171914471373,1.006590457442011,0.003125368206894588
c1,d03,fixed_mse,reset_ring4,256,3,0.04456970914468896,0.1755791250310665,0.9936071479175644,0.00018323433424493628,1.0057318399673676,0.002534612752476345
c1,d03,fixed_mse,ring4,0,3,0.017632647467830085,0.024308946994702176,,6.0872625408564105e-05,0.9972387614672213,
c1,d03,fixed_mse,ring8,0,3,0.019208758314778633,0.026481825180246846,,5.710677787942539e-05,0.9995099274818787,
c1,d03,free_behavior,long8,0,3,0.12450168178791565,0.1716421081323965,,0.0003074808715388272,1.0006890691592312,
c1,d03,free_behavior,reset_iso,0,3,0.06368343611327382,0.2508762611719411,1.009251608341433,0.00020621235834130357,0.9909496061309157,0.001627547673481414
c1,d03,free_behavior,reset_iso,256,3,0.06468895121481476,0.25483741472492816,1.0000428996439041,5.26968178962881e-08,0.9999580020084013,4.1591388632986077e-07
c1,d03,free_behavior,reset_null,0,3,0.04272427012834177,0.16830915235216598,,0.00024348753024101358,1.0,
c1,d03,free_behavior,reset_null,256,3,0.040696647294140194,0.16032147978364203,,8.756218407003816e-08,1.0,
c1,d03,free_behavior,reset_ring4,0,3,0.043296762459986,0.1705644442220495,0.9968349710734878,0.00019701964849752596,1.0028478634886662,0.002725299904234713
c1,d03,free_behavior,reset_ring4,256,3,0.04266443917004984,0.1680734526469567,0.9999333124231519,1.7203564654088354e-07,1.0000611589778532,2.3797054487624585e-06
c1,d03,free_behavior,ring4,0,3,0.017485412942459342,0.02410596464168018,,0.00017170806013429751,1.0064661902646694,
c1,d03,free_behavior,ring8,0,3,0.01972193073355,0.027189301533404573,,0.00014163346205019905,1.004949039647643,
c1,d03,free_mse,long8,0,3,0.11333148925190646,0.1562425137848166,,3.1954368672321166e-05,0.9985445978177918,
c1,d03,free_mse,reset_iso,0,3,0.06263037532775885,0.24672780485769844,1.0014653450131372,1.5068168597311182e-05,0.9985364036085198,0.00011892673621233408
c1,d03,free_mse,reset_iso,256,3,0.06195803489545612,0.2440791686630243,1.0000534014855915,1.0614313838552422e-08,0.999945410949876,8.377432823373805e-08
c1,d03,free_mse,reset_null,0,3,0.04334486302242929,0.1707539328866463,,1.780520133992796e-05,1.0,
c1,d03,free_mse,reset_null,256,3,0.04042112317034403,0.15923607255282443,,1.0066110111313549e-08,1.0,
c1,d03,free_mse,reset_ring4,0,3,0.04080433531184036,0.16074570889096568,0.9999949466794923,1.3216165440353762e-05,1.0000178472936694,0.00018281432681268092
c1,d03,free_mse,reset_ring4,256,3,0.04000860819951168,0.15761099985141125,0.9999887240858074,2.4050296189405218e-08,1.0000102724725082,3.326788490470055e-07
c1,d03,free_mse,ring4,0,3,0.018153366248761633,0.025026827010616128,,2.4329596113622007e-05,0.9976378048616482,
c1,d03,free_mse,ring8,0,3,0.019514229246321332,0.02690295744055214,,2.4128016516153184e-05,1.0012181365539894,
c1,d03,ode_behavior,long8,0,3,0.38331351622132387,0.5284486045091766,,0.0001280513033613562,0.9995961763242105,
c1,d03,ode_behavior,reset_iso,0,3,0.12302066592131537,0.4846309589565179,0.9992140395577379,0.0001970399376516851,1.0004906595291467,0.0015551536032440089
c1,d03,ode_behavior,reset_iso,256,3,0.1234278508381728,0.48623503429826137,0.998752940099147,8.274584789009973e-05,1.0006654445550638,0.0006530782796290068
c1,d03,ode_behavior,reset_null,0,3,0.06426448435831333,0.2531652584398767,,0.0001414632034640911,1.0,
c1,d03,ode_behavior,reset_null,256,3,0.063451401481903,0.24996217763101566,,0.00010110604988005632,1.0,
c1,d03,ode_behavior,reset_ring4,0,3,0.0730158805263704,0.2876407466464401,0.9993957883762336,0.00012865081291074115,1.0007327714948648,0.001779579096699909
c1,d03,ode_behavior,reset_ring4,256,3,0.07250562475945974,0.2856306311932432,0.9985628588056121,8.885868473407135e-05,1.001231328837986,0.0012291493099442219
c1,d03,ode_behavior,ring4,0,3,0.023359644382014738,0.03220437306045509,,8.388516535493375e-05,0.9958298284768967,
c1,d03,ode_behavior,ring8,0,3,0.026990964972991662,0.03721063090845435,,8.318443945206737e-05,1.0000918624127824,
b1,b01,fixed_behavior,long8,0,3,0.12930492355875248,0.18063131489183218,,0.07047137005121741,1.5377369908355953,
b1,b01,fixed_behavior,reset_iso,0,3,0.059701192530339155,0.24251735564879642,0.7353139465716447,0.03643426441226316,1.6688294082749169,0.4418994347610117
b1,b01,fixed_behavior,reset_iso,256,3,0.057753401874566096,0.23460506748209917,0.736824325800587,0.03593599846880013,1.6895975592330945,0.4358561279362726
b1,b01,fixed_behavior,reset_null,0,3,0.044034663279981574,0.1788769979782114,,0.03927723004192364,1.0,
b1,b01,fixed_behavior,reset_null,256,3,0.04360255889802599,0.17712170955540696,,0.03835810211963222,1.0,
b1,b01,fixed_behavior,reset_ring4,0,3,0.04420569659506359,0.17957176713680836,0.6839049990172696,0.029425216196901194,1.5497556829818717,0.38048786117756733
b1,b01,fixed_behavior,reset_ring4,256,3,0.04392002799793715,0.17841132812661942,0.6849402686129143,0.029123311113964444,1.5516367944917695,0.37658402514399086
b1,b01,fixed_behavior,ring4,0,3,0.022918181468230322,0.03201534125384702,,0.003947073484082302,1.168756303123162,
b1,b01,fixed_behavior,ring8,0,3,0.026290985703719544,0.036726948879927404,,0.0050679935739187535,1.073150934948033,
b1,b01,free_behavior,long8,0,3,0.17734317845139524,0.24773790996610542,,0.002262036862972165,1.0129716898321408,
b1,b01,free_behavior,reset_iso,0,3,0.0690248623111037,0.28039183762040076,1.0078049487696101,0.0009424849577816053,0.9966642941198001,0.011431095888250345
b1,b01,free_behavior,reset_iso,256,3,0.06518077964117634,0.2647764583541928,1.000090023403909,5.036567669101344e-07,0.9999543174471712,6.108690382568424e-06
b1,b01,free_behavior,reset_null,0,3,0.06614229962313227,0.268682331479071,,0.0008175485809294539,1.0,
b1,b01,free_behavior,reset_null,256,3,0.06458590026311688,0.26235994760151954,,3.678851107125638e-07,1.0,
b1,b01,free_behavior,reset_ring4,0,3,0.05268990701469678,0.21403620894325612,1.000127831978254,0.0008610307733067699,1.0009152737813325,0.011133707740711889
b1,b01,free_behavior,reset_ring4,256,3,0.04892241835235378,0.1987319687915384,0.9999431309572977,6.414708458639971e-07,1.0000377409874384,8.294650021169962e-06
b1,b01,free_behavior,ring4,0,3,0.023211986680330598,0.032425769722641044,,0.0003906522521167392,0.9895392491248525,
b1,b01,free_behavior,ring8,0,3,0.02641423739763399,0.036899124191753764,,0.0003283244162266957,1.0330231727666122,
b1,b01,graph32_behavior,long8,0,3,0.4030291091314908,0.5630077797387724,,0.016423730323189407,1.0516785907373605,
b1,b01,graph32_behavior,reset_iso,0,3,0.14354188517081834,0.5830938535906042,0.6880649755453621,0.019503820569863963,1.1542003819458684,0.23655554529604167
b1,b01,graph32_behavior,reset_iso,256,3,0.14446516942084664,0.5868444060559549,0.6873681363877278,0.02084255710813231,1.1569607708465146,0.25279264872320945
b1,b01,graph32_behavior,reset_null,0,3,0.09190279060914897,0.37332624040884016,,0.018973056064483098,1.0,
b1,b01,graph32_behavior,reset_null,256,3,0.0930375243713097,0.3779357401474724,,0.020235198822851932,1.0,
b1,b01,graph32_behavior,reset_ring4,0,3,0.12556518404764913,0.5100691478032912,0.818668059110437,0.007048444953452182,1.0716596633272877,0.0911411398652448
b1,b01,graph32_behavior,reset_ring4,256,3,0.14253767839207843,0.5790145787523194,0.8807761065403357,0.009592656618044678,1.060593738021988,0.12403951003068688
b1,b01,graph32_behavior,ring4,0,3,0.019323549101408374,0.02699385287504788,,0.0016994301432195344,1.3580335540596449,
b1,b01,graph32_behavior,ring8,0,3,0.02145255073585094,0.029967941982037574,,0.002192712634746572,1.2319989001648304,
b1,b01,gru32_behavior,long8,0,3,0.21117075638619762,0.2949930315330187,,0.03062362810221946,1.2522740576806124,
b1,b01,gru32_behavior,reset_iso,0,3,0.1135358367510928,0.4612037001816326,0.7755649319971589,0.01725895063419965,1.116966564443308,0.20932824232493638
b1,b01,gru32_behavior,reset_iso,256,3,0.1137392548736282,0.462030022455568,0.7774570821184812,0.016500467067614533,1.1174053991653157,0.20012883992842018
b1,b01,gru32_behavior,reset_null,0,3,0.07153973886981979,0.2906077342709246,,0.017371454768558437,1.0,
b1,b01,gru32_behavior,reset_null,256,3,0.07335210153769829,0.29796988874492664,,0.015586894066407148,1.0,
b1,b01,gru32_behavior,reset_ring4,0,3,0.0687094097684762,0.2791104106801963,0.7507426431931243,0.01916747308125732,1.2373509698850094,0.24784833484534355
b1,b01,gru32_behavior,reset_ring4,256,3,0.07020154989981331,0.285171761610924,0.7500384575801641,0.0186983147673732,1.2371692435690922,0.2417818019026819
b1,b01,gru32_behavior,ring4,0,3,0.028305429909805373,0.03954100804880494,,0.00398218167474811,1.1084145185069165,
b1,b01,gru32_behavior,ring8,0,3,0.02610895817938094,0.03647266721637693,,0.0040481984455686985,1.093861570703023,
b1,b01,gru4_behavior,long8,0,3,0.9448925314295513,1.3199588668875464,,0.0006472045063553636,1.0013527354939809,
b1,b01,gru4_behavior,reset_iso,0,3,0.46186159695711543,1.876167768555854,0.99843783365986,0.0006065511873291027,1.000191303519595,0.007356663601094552
b1,b01,gru4_behavior,reset_iso,256,3,0.46076731705984747,1.8717225999456926,0.9993298830484543,0.0006983835389677865,1.0001147477726948,0.00847046855740513
b1,b01,gru4_behavior,reset_null,0,3,0.41383636855144806,1.681080352312818,,0.0004361868156278438,1.0,
b1,b01,gru4_behavior,reset_null,256,3,0.41310502222279166,1.6781094874075806,,0.0005262681759242534,1.0,
b1,b01,gru4_behavior,reset_ring4,0,3,0.32817577611117804,1.3331110826643686,0.9977532513498096,0.0003782839266710271,1.00035035133622,0.004891465918679249
b1,b01,gru4_behavior,reset_ring4,256,3,0.33663415116452117,1.367470576404466,0.9980002881154059,0.0004431720768169936,1.0003231922397007,0.005730513397535417
b1,b01,gru4_behavior,ring4,0,3,0.10155101920082245,0.14186075535256465,,0.0004805450778344289,0.9932237819066625,
b1,b01,gru4_behavior,ring8,0,3,0.11052295957004439,0.15439402432191915,,0.0005323176096917597,1.0025095886699997,
b1,b01,node32_behavior,long8,0,3,0.31062715786420697,0.4339277300653607,,0.0005954041595399817,1.0027879232498038,
b1,b01,node32_behavior,reset_iso,0,3,0.15539792730105717,0.63125530337111,1.0002269494492175,0.0004568766678094543,1.0000420618460548,0.005541309657744548
b1,b01,node32_behavior,reset_iso,256,3,0.17316169713357613,0.7034150426250134,1.000181710806971,0.00048150032286499743,1.0003416968441248,0.005839962023212154
b1,b01,node32_behavior,reset_null,0,3,0.06939948616093287,0.2819136294234267,,0.0003818998112404848,1.0,
b1,b01,node32_behavior,reset_null,256,3,0.07674641257196188,0.3117582119155369,,0.0004443522988835393,1.0,
b1,b01,node32_behavior,reset_ring4,0,3,0.0709108495550744,0.2880530688255011,1.0000970585825057,0.00047485889445495036,1.000135099981345,0.00614024528837058
b1,b01,node32_behavior,reset_ring4,256,3,0.08130515318868267,0.3302766647738119,0.999860713653495,0.0005219525407815077,1.0008910114048084,0.006749197849532446
b1,b01,node32_behavior,ring4,0,3,0.02466878732124424,0.03446083387999256,,0.00010643560193462968,0.9966950590960967,
b1,b01,node32_behavior,ring8,0,3,0.0297545813934724,0.041565386786814,,0.0001280071677555822,0.998422929799006,
b1,b02,fixed_behavior,long8,0,3,0.16994051946846692,0.22332590127203342,,0.05533953015188838,1.065328377980352,
b1,b02,fixed_behavior,reset_iso,0,3,0.05473144252250145,0.1895592903168966,0.6688943370738529,0.04273074065186396,1.2690478078904657,0.6104368955820103
b1,b02,fixed_behavior,reset_iso,256,3,0.054526973888746756,0.18885112463881,0.6643258647926233,0.042680921397583366,1.273843894612607,0.6097251945803585
b1,b02,fixed_behavior,reset_null,0,3,0.055684585923137415,0.1928604491803873,,0.015171487237254361,1.0,
b1,b02,fixed_behavior,reset_null,256,3,0.056415439436525106,0.19539171945097122,,0.014643167584079414,1.0,
b1,b02,fixed_behavior,reset_ring4,0,3,0.04485586174282421,0.1553557685790368,0.7154602532701082,0.024838786589135724,1.321135098045304,0.33235783645134404
b1,b02,fixed_behavior,reset_ring4,256,3,0.044612599550240474,0.15451324357947835,0.7151085476400455,0.024643216137507185,1.3230039976372239,0.32974098671338203
b1,b02,fixed_behavior,ring4,0,3,0.020458377723438018,0.026885204646548463,,0.0037293821820421264,1.1183190007143682,
b1,b02,fixed_behavior,ring8,0,3,0.02615575264370208,0.03437236187622107,,0.004820631805259563,1.1376898179237955,
b1,b02,free_behavior,long8,0,3,0.10123402509671116,0.13303584080378017,,0.004704135118887949,0.9999811848836774,
b1,b02,free_behavior,reset_iso,0,3,0.043872548261886475,0.1519501173296848,0.968636969366435,0.002394528844207737,1.030069272751835,0.03420742846347057
b1,b02,free_behavior,reset_iso,256,3,0.04469892146562445,0.15481221470585152,0.9999999397878009,1.0127273912310808e-07,1.000000055735145,1.4467480678854137e-06
b1,b02,free_behavior,reset_null,0,3,0.05368984928550419,0.1859517903917319,,0.002407593402541447,1.0,
b1,b02,free_behavior,reset_null,256,3,0.050519985134048186,0.1749731431780405,,7.567577687211729e-08,1.0,
b1,b02,free_behavior,reset_ring4,0,3,0.0426204850008523,0.1476136662468192,0.9537078653010066,0.002682023653934111,1.0554902865660032,0.035887082315154493
b1,b02,free_behavior,reset_ring4,256,3,0.041361240577134105,0.14325234360860456,1.0000189887996505,3.2201666757094616e-07,0.9999828616034399,4.308775815239021e-06
b1,b02,free_behavior,ring4,0,3,0.02012536132374799,0.02644757395181034,,0.0006917415186978732,1.0447823999666221,
b1,b02,free_behavior,ring8,0,3,0.024357547099429906,0.03200926521685452,,0.0008735189107924677,1.0297684571152463,
b1,b02,graph32_behavior,long8,0,3,0.21916870037715278,0.28801870028077686,,0.029063784781385858,1.072828639577785,
b1,b02,graph32_behavior,reset_iso,0,3,0.046619870904681206,0.1614653156587916,0.5172522873326368,0.03508077813470755,1.6525064170685821,0.501152120755904
b1,b02,graph32_behavior,reset_iso,256,3,0.046347245546279704,0.16052109297656042,0.5164414167972533,0.035866368454475626,1.6492273435398477,0.5123747981231306
b1,b02,graph32_behavior,reset_null,0,3,0.05464225800105562,0.18925040471451962,,0.03245670434981866,1.0,
b1,b02,graph32_behavior,reset_null,256,3,0.05457443713558622,0.18901551093985305,,0.03195218887653398,1.0,
b1,b02,graph32_behavior,reset_ring4,0,3,0.0632209063686493,0.21896207357416472,0.8434517582368332,0.014920969791899422,1.1428686168033269,0.19965150954518132
b1,b02,graph32_behavior,reset_ring4,256,3,0.059798249082303995,0.20710789147525813,0.8436667717168439,0.017040420946488267,1.1607218836057087,0.2280110349863942
b1,b02,graph32_behavior,ring4,0,3,0.020414792693823323,0.026827927747247966,,0.002875119148250694,1.1299836334668834,
b1,b02,graph32_behavior,ring8,0,3,0.02856961691006855,0.03754452125598969,,0.0034701182766548673,1.1819138427329778,
b1,b02,gru32_behavior,long8,0,3,0.16483274411965265,0.21661356134958967,,0.034838004397338224,1.0097650769403606,
b1,b02,gru32_behavior,reset_iso,0,3,0.0525205717124135,0.1819020629092631,0.7875424249203944,0.03126280907544455,1.1963698362160078,0.4466099072484718
b1,b02,gru32_behavior,reset_iso,256,3,0.05375820421487729,0.1861885338668614,0.7799041810809841,0.03274509842600116,1.1964080161088897,0.46778539112037565
b1,b02,gru32_behavior,reset_null,0,3,0.04744778342764395,0.16433274438100676,,0.008964492298452429,1.0,
b1,b02,gru32_behavior,reset_null,256,3,0.05121717354654756,0.1773878162544209,,0.010105817484425463,1.0,
b1,b02,gru32_behavior,reset_ring4,0,3,0.05486630347129168,0.19002637367092348,0.8588516552877314,0.01727390448822777,1.1551990955153746,0.2311351845699926
b1,b02,gru32_behavior,reset_ring4,256,3,0.05750269521382335,0.19915736903078757,0.8558435045607968,0.018089547541975642,1.1554278203029897,0.24204897698442482
b1,b02,gru32_behavior,ring4,0,3,0.025675859587873617,0.03374171446180636,,0.00269653417264201,0.9516281605248523,
b1,b02,gru32_behavior,ring8,0,3,0.030189396836084837,0.03967314139303156,,0.0043748954897269,1.0359251625352068,
b1,b02,gru4_behavior,long8,0,3,0.41129669206028696,0.5405020811508893,,0.007582815719773429,0.9974033144393157,
b1,b02,gru4_behavior,reset_iso,0,3,0.15319527853356016,0.5305832797442178,0.9469683000211858,0.004106144927611304,1.0187056270305244,0.05865899640828071
b1,b02,gru4_behavior,reset_iso,256,3,0.1523134133165798,0.5275289888835809,0.9454479685383097,0.004135818907290769,1.0192473515006084,0.0590829088366347
b1,b02,gru4_behavior,reset_null,0,3,0.1638088445891841,0.5673427722134404,,0.0028005259458465178,1.0,
b1,b02,gru4_behavior,reset_null,256,3,0.16138972520678904,0.5589642875219374,,0.0029627452971387135,1.0,
b1,b02,gru4_behavior,reset_ring4,0,3,0.14054036689886057,0.48675370102426246,0.9577714520999492,0.005175314241959262,1.0192022391674525,0.06924880320706753
b1,b02,gru4_behavior,reset_ring4,256,3,0.13996973294353085,0.48477734223272223,0.9623055447023416,0.005694746378245601,1.0184373430737026,0.07619911619356975
b1,b02,gru4_behavior,ring4,0,3,0.05304218260317974,0.06970493718826662,,0.002444178361313148,1.0110879262224657,
b1,b02,gru4_behavior,ring8,0,3,0.059518672845782994,0.07821596225181705,,0.0026593165760768985,1.0160489718013541,
b1,b02,node32_behavior,long8,0,3,0.22986037794693617,0.30206907824154866,,0.0010305525638459056,1.0000131782547512,
b1,b02,node32_behavior,reset_iso,0,3,0.06443413972700669,0.2231640394606743,0.9988252147563811,0.0008295486936400154,1.0014973206571078,0.011850651815407603
b1,b02,node32_behavior,reset_iso,256,3,0.07830072240807419,0.27119017308693616,1.0075455432716103,0.001523061262919165,1.0002663090733026,0.021757937609654682
b1,b02,node32_behavior,reset_null,0,3,0.07810457201357861,0.2705108171653254,,0.0009611938672914998,1.0,
b1,b02,node32_behavior,reset_null,256,3,0.09834040021274004,0.3405964764430003,,0.0014940702795754877,1.0,
b1,b02,node32_behavior,reset_ring4,0,3,0.06159414863255636,0.21332788913174808,0.9985607719088744,0.0009066462744455917,1.002141604714095,0.012131469994319608
b1,b02,node32_behavior,reset_ring4,256,3,0.0744149984810588,0.2577321855751033,0.999335052071386,0.001460025883564874,1.0011730517983297,0.01953602049291845
b1,b02,node32_behavior,ring4,0,3,0.02356950208968818,0.030973662509542834,,0.00019701773350083883,0.9993126401293358,
b1,b02,node32_behavior,ring8,0,3,0.028595273922473508,0.03757823820258492,,0.0002134956095889509,1.0007853871608945,
b1,b03,fixed_behavior,long8,0,3,0.09799408531004028,0.13314570271408716,,0.04359106967335515,1.7967582586265984,
b1,b03,fixed_behavior,reset_iso,0,3,0.043432869840507184,0.1494065061241094,0.5932541404511611,0.021672913653469333,1.6830903021610417,0.2726205569036609
b1,b03,fixed_behavior,reset_iso,256,3,0.04174550704837959,0.14360207781298537,0.5923563431565002,0.021121280296064998,1.682302745242221,0.26568163786828086
b1,b03,fixed_behavior,reset_null,0,3,0.04820211581156697,0.16581243048506358,,0.03724728462006683,1.0,
b1,b03,fixed_behavior,reset_null,256,3,0.04854735126624924,0.16700002005175946,,0.036941032577420714,1.0,
b1,b03,fixed_behavior,reset_ring4,0,3,0.05531235761990564,0.19027124221411706,0.5514998466539186,0.022563531992259925,1.5615033596332035,0.2771102195572294
b1,b03,fixed_behavior,reset_ring4,256,3,0.05509802353277283,0.1895339456177971,0.5522210634011108,0.022338534350109036,1.5582337473405798,0.2743469488938563
b1,b03,fixed_behavior,ring4,0,3,0.02375791141098099,0.03228015037668801,,0.003394337843284391,1.2770043406087666,
b1,b03,fixed_behavior,ring8,0,3,0.024926447057635942,0.03386785334190354,,0.0030411666236224767,1.3555071371879206,
b1,b03,free_behavior,long8,0,3,0.15852218793584646,0.2153859392810755,,0.011934221713565821,1.0254437815917405,
b1,b03,free_behavior,reset_iso,0,3,0.050968080273028356,0.17532718481209594,0.9566124773668613,0.00987473929626624,1.0416722727434968,0.12421296782104008
b1,b03,free_behavior,reset_iso,256,3,0.048286085378144376,0.16610128083294884,0.9914204450329729,0.00027071327734946323,1.007439132074025,0.003405264544133496
b1,b03,free_behavior,reset_null,0,3,0.06835181166372162,0.23512619371988855,,0.013204705498754582,1.0,
b1,b03,free_behavior,reset_null,256,3,0.06503379471645784,0.22371241145839674,,0.0002987349506219248,1.0,
b1,b03,free_behavior,reset_ring4,0,3,0.05822052167381348,0.20027515473764243,0.9659683766569367,0.011658063041556118,1.0349829202638048,0.14317653859182305
b1,b03,free_behavior,reset_ring4,256,3,0.0553906380209791,0.1905405221687995,0.9892842849146386,0.00033080776064841325,1.0079502189480543,0.004062759820402375
b1,b03,free_behavior,ring4,0,3,0.020864425699144467,0.02834873770849739,,0.0020415960828362484,1.0662275261467355,
b1,b03,free_behavior,ring8,0,3,0.02313516046780546,0.03143401143184629,,0.00194798413238161,1.0581709285289411,
b1,b03,graph32_behavior,long8,0,3,0.2690729723590739,0.36559257502908077,,0.022607310977055775,1.0252621557384274,
b1,b03,graph32_behavior,reset_iso,0,3,0.07174389527731904,0.24679476093751632,0.9224193328589099,0.04287337573412354,1.0862305569347928,0.539298211392341
b1,b03,graph32_behavior,reset_iso,256,3,0.07212795864800299,0.24811591624120338,0.930598263428433,0.045147250657913134,1.0836287349201952,0.5679009667931386
b1,b03,graph32_behavior,reset_null,0,3,0.1017954016847451,0.35017016745768065,,0.06460111004590112,1.0,
b1,b03,graph32_behavior,reset_null,256,3,0.10276795075720141,0.35351567880619444,,0.06539569513234807,1.0,
b1,b03,graph32_behavior,reset_ring4,0,3,0.12372596079243482,0.4256099950735001,0.9203701902215562,0.014488637398949128,1.039322252779607,0.17793976103054898
b1,b03,graph32_behavior,reset_ring4,256,3,0.13364430367364724,0.4597285085833036,0.9216120853745338,0.014344394924930837,1.036160909548095,0.17616827136933824
b1,b03,graph32_behavior,ring4,0,3,0.022975011923254685,0.031216415742929073,,0.0031842536216490913,1.069420452816667,
b1,b03,graph32_behavior,ring8,0,3,0.027666947996929554,0.03759140382146986,,0.003078315715316524,1.0917903925603913,
b1,b03,gru32_behavior,long8,0,3,0.17925381670162643,0.24355424425268726,,0.04087671780258482,1.1138689070642922,
b1,b03,gru32_behavior,reset_iso,0,3,0.06374586926209133,0.21928202398937105,0.8190212097446731,0.030398145420712407,1.1727344043586692,0.38237402990375047
b1,b03,gru32_behavior,reset_iso,256,3,0.06424033443727116,0.2209829549776974,0.814333204707156,0.03214277237291289,1.1759048192974764,0.4043194489139857
b1,b03,gru32_behavior,reset_null,0,3,0.07819897087041373,0.26899983959505935,,0.0411436706788481,1.0,
b1,b03,gru32_behavior,reset_null,256,3,0.07663945448994047,0.26363519538652674,,0.03956183974674268,1.0,
b1,b03,gru32_behavior,reset_ring4,0,3,0.07416065782729024,0.25510828132078217,0.8131937097876362,0.0266797135452904,1.147731010767629,0.3276624103352056
b1,b03,gru32_behavior,reset_ring4,256,3,0.07508049898190385,0.25827248054603835,0.8140441594592073,0.02980691554875504,1.146003531001248,0.3660686152714346
b1,b03,gru32_behavior,ring4,0,3,0.019602021623814445,0.026633494618190985,,0.005357952999334152,1.0758683211154565,
b1,b03,gru32_behavior,ring8,0,3,0.025101936343799477,0.03410629267475828,,0.004848618527779112,1.1896900448983512,
b1,b03,gru4_behavior,long8,0,3,0.6114816719947654,0.830827255103592,,0.002149107900024773,1.000811305347393,
b1,b03,gru4_behavior,reset_iso,0,3,0.25618130722812604,0.8812485610049298,1.0026116019944078,0.0016437571272533938,0.9997813889573259,0.020676591556227975
b1,b03,gru4_behavior,reset_iso,256,3,0.25618153307501595,0.8812493379048875,1.0024347538191976,0.0013933179040466713,0.9997987333700632,0.017526351510390496
b1,b03,gru4_behavior,reset_null,0,3,0.21557474058156031,0.7415643708826145,,0.0015393508989057262,1.0,
b1,b03,gru4_behavior,reset_null,256,3,0.21595501158765537,0.7428724806761786,,0.0012726248698432603,1.0,
b1,b03,gru4_behavior,reset_ring4,0,3,0.2524256870991917,0.8683294496532287,1.0039958795046398,0.0015526284525624002,1.0001472993055518,0.01906834495272985
b1,b03,gru4_behavior,reset_ring4,256,3,0.25286060929115284,0.8698255562972373,1.0037752000773283,0.0013205862051850327,1.0001571311255972,0.016218557156238024
b1,b03,gru4_behavior,ring4,0,3,0.10002606416730846,0.13590657600552264,,0.0016639683605487662,0.9476358565304611,
b1,b03,gru4_behavior,ring8,0,3,0.11638542799164094,0.15813423378154753,,0.0017896303760385746,0.9890610429435964,
b1,b03,node32_behavior,long8,0,3,0.2625294940646367,0.35670187501437334,,0.00030764916299566065,0.9992020611525647,
b1,b03,node32_behavior,reset_iso,0,3,0.08449906024788452,0.290671774827846,1.0015458613263213,0.00022645304914588088,0.9993656392653454,0.0028485213090303466
b1,b03,node32_behavior,reset_iso,256,3,0.09082802677411354,0.3124430457462238,1.0014581873748174,0.0007257467997745632,0.9994412588491589,0.009129067733535648
b1,b03,node32_behavior,reset_null,0,3,0.10648810214334774,0.36631277977829074,,0.00027196392185349356,1.0,
b1,b03,node32_behavior,reset_null,256,3,0.10962250779423217,0.37709495002847193,,0.0006937627335813944,1.0,
b1,b03,node32_behavior,reset_ring4,0,3,0.09727417230083714,0.33461740550306185,1.001795515431376,0.0002291329103793891,0.9995619308845612,0.002814057263942564
b1,b03,node32_behavior,reset_ring4,256,3,0.10307586169483894,0.35457487423948625,1.0019299141810765,0.0006152272333219341,0.9996635436598434,0.0075558096915815534
b1,b03,node32_behavior,ring4,0,3,0.02449916537690198,0.03328730075591648,,7.653644198910962e-05,1.0069974861443007,
b1,b03,node32_behavior,ring8,0,3,0.029190147219862933,0.03966099231009507,,9.791054830409573e-05,0.9957215414961809,
t1,t01,fixed_behavior,long8,0,3,0.07746814887015432,0.10114308054378987,,0.05256059067470631,2.400791864460797,
t1,t01,fixed_behavior,reset_iso,0,3,0.0329226141547606,0.12023882546935935,0.33551834398044317,0.029458852123513943,3.0909269155475427,0.31060390218258077
t1,t01,fixed_behavior,reset_iso,256,3,0.03303142344056619,0.12063621495562321,0.3372166481050113,0.02948640083087641,3.082954918036837,0.3108943661820262
t1,t01,fixed_behavior,reset_null,0,3,0.038730046275585565,0.14144852692011892,,0.031099346712588873,1.0,
t1,t01,fixed_behavior,reset_null,256,3,0.03796329384054068,0.13864822036541488,,0.031097533960166245,1.0,
t1,t01,fixed_behavior,reset_ring4,0,3,0.03004812285569818,0.10974070840014777,0.32398077072583004,0.025669049495689877,3.2196855780694653,0.26879265054769036
t1,t01,fixed_behavior,reset_ring4,256,3,0.030118379920167037,0.1099972988055436,0.3232536365675853,0.02568111915575519,3.2156911550828493,0.2689190376163159
t1,t01,fixed_behavior,ring4,0,3,0.01742192197713256,0.02274621097135338,,0.005086686661557065,1.6364963650781825,
t1,t01,fixed_behavior,ring8,0,3,0.013983056219272866,0.01825639830125245,,0.004491778351473443,1.9119919815479898,
t1,t01,free_behavior,long8,0,3,0.14504279205619358,0.18936911509044205,,0.009537803423119827,1.2778853196748108,
t1,t01,free_behavior,reset_iso,0,3,0.04672113484430077,0.17063330244272132,0.4432134238359457,0.010869809578072126,1.862334147652047,0.11460749579702462
t1,t01,free_behavior,reset_iso,256,3,0.04999510987100512,0.18259040007708466,0.6298980931719002,0.0027005307302964982,1.4277860902949222,0.028473457800636558
t1,t01,free_behavior,reset_null,0,3,0.04693322713551729,0.17140789852634647,,0.008526741474225028,1.0,
t1,t01,free_behavior,reset_null,256,3,0.047580682891670216,0.17377251390279425,,0.0025904438340706598,1.0,
t1,t01,free_behavior,reset_ring4,0,3,0.050349757369096915,0.18388563132530067,0.5499647801636343,0.007148086901707931,1.6493840277081544,0.07485096886730921
t1,t01,free_behavior,reset_ring4,256,3,0.053382096888635044,0.19496023617106636,0.6959068062441532,0.0018725954294825098,1.3235942234971576,0.019608824587704767
t1,t01,free_behavior,ring4,0,3,0.018761699938939506,0.02449543658572767,,0.0021898470713668343,1.3495496589439597,
t1,t01,free_behavior,ring8,0,3,0.01957789927692248,0.025561073451786886,,0.0021333170335199924,1.3885587729381987,
t1,t01,graph32_behavior,long8,0,3,0.17829359730680217,0.2327816520189429,,0.015327251596368219,1.2851123353507672,
t1,t01,graph32_behavior,reset_iso,0,3,0.03125377132299196,0.11414393576705403,0.2604862268376774,0.01111290416117018,2.6760360760195057,0.11717060062518031
t1,t01,graph32_behavior,reset_iso,256,3,0.031125524996743956,0.11367555899823689,0.2608023219519643,0.011700000956582468,2.705465619655743,0.12336074526657285
t1,t01,graph32_behavior,reset_null,0,3,0.03921576414089362,0.14322244880127916,,0.00828275793098894,1.0,
t1,t01,graph32_behavior,reset_null,256,3,0.03652387119719505,0.1333912110897753,,0.009189137833667238,1.0,
t1,t01,graph32_behavior,reset_ring4,0,3,0.04627266752851702,0.16899542572194343,0.4410447815161788,0.005919810751747248,1.9010386285759409,0.061989113503016106
t1,t01,graph32_behavior,reset_ring4,256,3,0.04790078585377932,0.17494158279909558,0.4353470623088069,0.008550247461055717,1.8735794971001716,0.08953364939678529
t1,t01,graph32_behavior,ring4,0,3,0.00995273116918172,0.01299437129913221,,0.0026195746675510396,2.1774816084188626,
t1,t01,graph32_behavior,ring8,0,3,0.00815461425089325,0.010646734406472848,,0.003139992256034741,3.1322315445634934,
t1,t01,gru32_behavior,long8,0,3,0.12932885102644465,0.16885285871395103,,0.01791297775840793,1.6882573785239536,
t1,t01,gru32_behavior,reset_iso,0,3,0.024845249794977473,0.09073895650564431,0.23242667980642,0.011206530496438175,3.2639742387688457,0.11815776417654224
t1,t01,gru32_behavior,reset_iso,256,3,0.024029926474979757,0.08776126105553596,0.22588431945713675,0.012027403997077536,3.4607240594675144,0.1268127691790402
t1,t01,gru32_behavior,reset_null,0,3,0.0367294662711886,0.13414207826280922,,0.011775263642630948,1.0,
t1,t01,gru32_behavior,reset_null,256,3,0.03613892857566189,0.1319853370462176,,0.012835107082218989,1.0,
t1,t01,gru32_behavior,reset_ring4,0,3,0.03437871315497635,0.12555673955510133,0.2528611291922607,0.01016728933733838,2.8064010788472076,0.10646645292913308
t1,t01,gru32_behavior,reset_ring4,256,3,0.03447912686910017,0.12592346702669607,0.24985028644760524,0.011013501358018735,2.84836532569602,0.11532753568960621
t1,t01,gru32_behavior,ring4,0,3,0.0070319144854936845,0.009180927949826634,,0.002955287478503587,2.883954067803961,
t1,t01,gru32_behavior,ring8,0,3,0.007522682812288041,0.00982167929253009,,0.002641704104829819,3.212167945849061,
t1,t01,gru4_behavior,long8,0,3,0.3078624021393124,0.4019477964830718,,0.039239175593519256,1.2252505891556609,
t1,t01,gru4_behavior,reset_iso,0,3,0.08144555076214183,0.29745260559538417,0.5359357699580718,0.01444064936063552,1.7810924822371903,0.15225718988159812
t1,t01,gru4_behavior,reset_iso,256,3,0.08236158175727858,0.30079810211127506,0.543726831444495,0.014639017360149798,1.7782819338462343,0.1543487131513764
t1,t01,gru4_behavior,reset_null,0,3,0.08805525119772688,0.3215923234605325,,0.010322744022487436,1.0,
t1,t01,gru4_behavior,reset_null,256,3,0.08808627936551304,0.321705643454915,,0.010225916906560308,1.0,
t1,t01,gru4_behavior,reset_ring4,0,3,0.08901626115231492,0.32510209056653616,0.35549225939452295,0.012123970870775378,1.7894950123792697,0.12695578252969197
t1,t01,gru4_behavior,reset_ring4,256,3,0.08873650728255104,0.32408038322085586,0.35766073862619707,0.01208871505552242,1.7987091028475237,0.12658660236076308
t1,t01,gru4_behavior,ring4,0,3,0.013710335145802027,0.017900331325310073,,0.004543935322950541,1.9257428580306817,
t1,t01,gru4_behavior,ring8,0,3,0.012478549823545453,0.01629210182868848,,0.0046003832598295585,2.0834804476954303,
t1,t01,node32_behavior,long8,0,3,0.22936352141066865,0.2994589835718159,,0.013721729867256833,1.271447131471039,
t1,t01,node32_behavior,reset_iso,0,3,0.04681012575779931,0.170958311959469,0.39362442919497304,0.010948864291906843,2.110576661186701,0.11544102123447339
t1,t01,node32_behavior,reset_iso,256,3,0.07321745829405729,0.2674022526809663,0.5022126010874951,0.027076416866885805,1.761861433174902,0.2854843325434298
t1,t01,node32_behavior,reset_null,0,3,0.054211853293156996,0.19799064363009772,,0.010177423292012993,1.0,
t1,t01,node32_behavior,reset_null,256,3,0.08747269124838906,0.31946471829088835,,0.02563515234276044,1.0,
t1,t01,node32_behavior,reset_ring4,0,3,0.05395427115366957,0.19704991110599546,0.3541599933135192,0.009519946026505032,1.9249964059764126,0.09968781765623644
t1,t01,node32_behavior,reset_ring4,256,3,0.0803580935775472,0.29348103231723466,0.4626954659856531,0.025773423183435507,1.6650442770510787,0.2698855963609467
t1,t01,node32_behavior,ring4,0,3,0.013506939197545732,0.017634775828285765,,0.0023071657523522433,1.8267134062196126,
t1,t01,node32_behavior,ring8,0,3,0.01275792526915871,0.01665685681005483,,0.0022339152094559282,1.853975113817608,
t1,t02,fixed_behavior,long8,0,3,0.09854952047701077,0.13485179263177569,,0.07496334596844732,2.0678890220235346,
t1,t02,fixed_behavior,reset_iso,0,3,0.03086247257145146,0.12593964585554468,0.2686890303174805,0.0424803384875328,4.04962956540316,0.3651286987202442
t1,t02,fixed_behavior,reset_iso,256,3,0.03028698181574299,0.12359125650341911,0.27178849159942453,0.04214054433223003,4.115876223854359,0.36220808645170366
t1,t02,fixed_behavior,reset_null,0,3,0.04844786664556908,0.19769988142309988,,0.04598537747728221,1.0,
t1,t02,fixed_behavior,reset_null,256,3,0.04796191995512369,0.1957168920836139,,0.046158196683816766,1.0,
t1,t02,fixed_behavior,reset_ring4,0,3,0.031829591347100804,0.12988614093378392,0.4275420701100636,0.03551708834019831,2.6187353103388573,0.44007334834917516
t1,t02,fixed_behavior,reset_ring4,256,3,0.0314284280424094,0.12824912483255907,0.4289049739088088,0.035460662451856056,2.632538058906382,0.4393742051824126
t1,t02,fixed_behavior,ring4,0,3,0.018858629646919287,0.02580550369150772,,0.006312454385441021,1.6778663204101916,
t1,t02,fixed_behavior,ring8,0,3,0.02209075024592674,0.030228226954579492,,0.005139098199527678,1.4618469906504932,
t1,t02,free_behavior,long8,0,3,0.14017881722955075,0.1918158982500241,,0.010822009413197907,1.349403211909652,
t1,t02,free_behavior,reset_iso,0,3,0.039129627958927965,0.159675200235418,0.5243322026659082,0.010752856425888663,1.981610877029102,0.09242338018240144
t1,t02,free_behavior,reset_iso,256,3,0.05342333236834729,0.21800312801626873,0.9999665254535255,4.674516235391054e-05,1.0000364737769258,0.00040178588282103854
t1,t02,free_behavior,reset_null,0,3,0.05688735437002912,0.2321386676467251,,0.00750132221518502,1.0,
t1,t02,free_behavior,reset_null,256,3,0.057473223431382094,0.23452940746621598,,3.5353861705190443e-05,1.0,
t1,t02,free_behavior,reset_ring4,0,3,0.04152581589911345,0.16945325868137143,0.4923729697725408,0.008759514203428952,1.6344364363716029,0.10853448088119978
t1,t02,free_behavior,reset_ring4,256,3,0.04767686974338072,0.19455369549802454,0.9999939950820282,4.1043449456516655e-05,1.0000059418708356,0.0005085475492000471
t1,t02,free_behavior,ring4,0,3,0.013526987539444204,0.01850986701682908,,0.0025437787615323923,1.7390178206392828,
t1,t02,free_behavior,ring8,0,3,0.018386731840630447,0.025159774876095598,,0.0025650650969905207,1.3123375047895605,
t1,t02,graph32_behavior,long8,0,3,0.16920052241769654,0.23152820685293932,,0.02007668005777447,1.5650062388147021,
t1,t02,graph32_behavior,reset_iso,0,3,0.040952151271363764,0.16711232115955152,0.2787787421431667,0.01723027830104631,2.777001133651783,0.14809837488689204
t1,t02,graph32_behavior,reset_iso,256,3,0.04053863745695757,0.16542490667187162,0.28254780399768686,0.0170035170719908,2.7963728218122315,0.14614930773175294
t1,t02,graph32_behavior,reset_null,0,3,0.05870044018354082,0.23953727722768897,,0.01833447846090387,1.0,
t1,t02,graph32_behavior,reset_null,256,3,0.05966761285088754,0.24348399222030048,,0.019394451656630386,1.0,
t1,t02,graph32_behavior,reset_ring4,0,3,0.04626888105944721,0.18880815466967146,0.3537631882470902,0.011408625211855034,2.0439341832897773,0.14135820619505857
t1,t02,graph32_behavior,reset_ring4,256,3,0.04501564104585811,0.18369409249859942,0.35782211705619793,0.012341960166959959,2.0945353105502553,0.15292266313730965
t1,t02,graph32_behavior,ring4,0,3,0.01124884863647801,0.01539253967274684,,0.0029491977293868037,2.503769055537678,
t1,t02,graph32_behavior,ring8,0,3,0.011493651512078276,0.015727519553484164,,0.0037943162983551854,1.964169752564072,
t1,t02,gru32_behavior,long8,0,3,0.09862465763085863,0.13495460774280404,,0.01884302692808337,2.2319175342573234,
t1,t02,gru32_behavior,reset_iso,0,3,0.02203114991299109,0.08990190955727508,0.17508429114359383,0.009628874134864867,4.89227608984228,0.08276248279038649
t1,t02,gru32_behavior,reset_iso,256,3,0.02129681675125952,0.08690533635289728,0.16846377985809602,0.009787638245636965,4.959478114744713,0.08412709840395337
t1,t02,gru32_behavior,reset_null,0,3,0.038728593918782216,0.1580387116204814,,0.01215090933522661,1.0,
t1,t02,gru32_behavior,reset_null,256,3,0.03821477903052012,0.15594200129005592,,0.012257354358421929,1.0,
t1,t02,gru32_behavior,reset_ring4,0,3,0.022554501348249458,0.09203753541362332,0.20939834935851012,0.01049604230362941,3.468935953889135,0.13005087682666147
t1,t02,gru32_behavior,reset_ring4,256,3,0.021446266565235295,0.08751519211224096,0.20956237511230208,0.010418195168903943,3.5533449596664837,0.12908631439097182
t1,t02,gru32_behavior,ring4,0,3,0.006280617693568124,0.008594182404064397,,0.0029124928554405387,4.127154068827292,
t1,t02,gru32_behavior,ring8,0,3,0.008261199723092513,0.01130434310137544,,0.002830683063891898,2.4455873960154544,
t1,t02,gru4_behavior,long8,0,3,0.3237417603770529,0.44299715031892534,,0.029931404157228825,1.2871234308026602,
t1,t02,gru4_behavior,reset_iso,0,3,0.08354733135474836,0.34092930495549106,0.4079868970474736,0.015840040340211577,1.7900031068328122,0.13614894614822864
t1,t02,gru4_behavior,reset_iso,256,3,0.08292266060852836,0.3383802281641507,0.4069317528407334,0.015150580985054875,1.7926880134632985,0.13022287761554155
t1,t02,gru4_behavior,reset_null,0,3,0.19686162168040977,0.8033278234457748,,0.02162933461385903,1.0,
t1,t02,gru4_behavior,reset_null,256,3,0.19703538766709508,0.8040369055445672,,0.021653042922106847,1.0,
t1,t02,gru4_behavior,reset_ring4,0,3,0.09138460290312576,0.3729106441366365,0.44882121423196675,0.017483756895790698,1.4927598392765733,0.21663193123140548
t1,t02,gru4_behavior,reset_ring4,256,3,0.09068765192479478,0.3700666153833838,0.45300241212138614,0.017584940874622892,1.4972942614316043,0.21788564808841424
t1,t02,gru4_behavior,ring4,0,3,0.020061463061337468,0.027451419789187054,,0.004317064184138508,1.8343551109065448,
t1,t02,gru4_behavior,ring8,0,3,0.016441418427859986,0.022497874547479296,,0.004602360165807094,1.448140238740259,
t1,t02,node32_behavior,long8,0,3,0.19050182625809498,0.2606761823516323,,0.015277022076878448,1.3404201690214597,
t1,t02,node32_behavior,reset_iso,0,3,0.04674216749669737,0.19073948166097204,0.3822049279849123,0.01443797853305119,2.235015113130145,0.12409788861430461
t1,t02,node32_behavior,reset_iso,256,3,0.19127090818294293,0.7805139521229019,0.6040180498031349,0.019942480974636564,1.2036755611530086,0.1714104074208186
t1,t02,node32_behavior,reset_null,0,3,0.08051557935484492,0.3285577176724012,,0.011260289801160159,1.0,
t1,t02,node32_behavior,reset_null,256,3,0.25539555155151844,1.042185626605712,,0.02525403122007332,1.0,
t1,t02,node32_behavior,reset_ring4,0,3,0.04793888829058757,0.19562290740145896,0.461181525511261,0.011661917480583059,1.7429879395120798,0.144496615958337
t1,t02,node32_behavior,reset_ring4,256,3,0.2056674387413174,0.8392614797512412,0.6032386583399313,0.025279855447994482,1.1335590998449003,0.3132292412661199
t1,t02,node32_behavior,ring4,0,3,0.012201924780428098,0.016696696465232006,,0.0026369425243074913,1.8039144880400613,
t1,t02,node32_behavior,ring8,0,3,0.01641813193933839,0.022466010113172192,,0.0025663050298977406,1.4375106803252464,
t1,t03,fixed_behavior,long8,0,3,0.07036982021594944,0.0953541353087194,,0.049516816913284974,2.3317648399501163,
t1,t03,fixed_behavior,reset_iso,0,3,0.03365369472834629,0.12613378826455585,0.4393561508076686,0.040024172361304296,2.449074679750101,0.4198556292349003
t1,t03,fixed_behavior,reset_iso,256,3,0.033192332366592275,0.12440460569127659,0.4432048115846363,0.040931741076339116,2.4780728987996388,0.429376071793589
t1,t03,fixed_behavior,reset_null,0,3,0.03143934620199398,0.11783442706747463,,0.03120462410472134,1.0,
t1,t03,fixed_behavior,reset_null,256,3,0.031016474290329332,0.11624950640424624,,0.03168398357428136,1.0,
t1,t03,fixed_behavior,reset_ring4,0,3,0.0286088606415552,0.10722578901901834,0.3270773371146904,0.02529735061367007,2.857684261481173,0.3097292454864755
t1,t03,fixed_behavior,reset_ring4,256,3,0.028133320342737567,0.10544346764698175,0.32793308413251493,0.025445444862954497,2.88922915361712,0.31154244406178266
t1,t03,fixed_behavior,ring4,0,3,0.01608235823525273,0.021792287638955934,,0.005143989509320336,1.577437384864997,
t1,t03,fixed_behavior,ring8,0,3,0.019635291639498263,0.026606665330012064,,0.004352708576537775,1.8464582655779627,
t1,t03,free_behavior,long8,0,3,0.10303076945454119,0.13961112734665015,,0.0009388017349065664,1.0069910910606217,
t1,t03,free_behavior,reset_iso,0,3,0.045476260478222175,0.17044467350541426,0.993682161901913,0.0015964761034688484,1.007493927058635,0.016747116540714195
t1,t03,free_behavior,reset_iso,256,3,0.04567394460778882,0.17118559209825512,0.9998606365576569,2.1040442680307026e-06,1.0001537589855807,2.2071532725713256e-05
t1,t03,free_behavior,reset_null,0,3,0.05390632484462893,0.20204048972803254,,0.001191078996504341,1.0,
t1,t03,free_behavior,reset_null,256,3,0.05355961809873813,0.20074103551864828,,1.3852195345665236e-06,1.0,
t1,t03,free_behavior,reset_ring4,0,3,0.041439728131568675,0.1553157814046912,0.9964912320174737,0.0006448397156232068,1.005040943748711,0.007895123945183508
t1,t03,free_behavior,reset_ring4,256,3,0.04260628894725571,0.15968804234398293,0.9999492483397158,3.901250582240787e-06,1.0000511557239877,4.7765136268386915e-05
t1,t03,free_behavior,ring4,0,3,0.01865566554456379,0.025279229805497794,,0.0003546744124201977,1.0213161388532492,
t1,t03,free_behavior,ring8,0,3,0.019200725830511082,0.02601780995389282,,0.0005293420013003622,0.9921573645023141,
t1,t03,graph32_behavior,long8,0,3,0.16596701692064955,0.2248924516173374,,0.012229209062632066,1.5035808793953245,
t1,t03,graph32_behavior,reset_iso,0,3,0.0325061742087312,0.12183289020808037,0.3220108803603829,0.010078299505921182,2.437385889445946,0.10572188082937863
t1,t03,graph32_behavior,reset_iso,256,3,0.032678901754874444,0.12248027171874516,0.32504201729524973,0.010548996373287774,2.409762234515069,0.11065951520800132
t1,t03,graph32_behavior,reset_null,0,3,0.02181324151182855,0.08175586093669314,,0.010374015441659274,1.0,
t1,t03,graph32_behavior,reset_null,256,3,0.021824931777382515,0.08179967596182018,,0.009964754516443266,1.0,
t1,t03,graph32_behavior,reset_ring4,0,3,0.03984827780613733,0.14935103786013065,0.33343394562344897,0.006467953228561859,2.255288234981868,0.07919067509946026
t1,t03,graph32_behavior,reset_ring4,256,3,0.04208840182886886,0.1577470054188299,0.3357377557637987,0.009710653379007554,2.209853914588307,0.11889281965501283
t1,t03,graph32_behavior,ring4,0,3,0.010031066462387168,0.013592526822008707,,0.0026657423828933247,2.2835436815105603,
t1,t03,graph32_behavior,ring8,0,3,0.009762629348829488,0.01322878297884539,,0.003274614572276149,2.818921853953782,
t1,t03,gru32_behavior,long8,0,3,0.09845449335318814,0.13341007625344906,,0.01505640362591929,2.0372999657283786,
t1,t03,gru32_behavior,reset_iso,0,3,0.02927667072008358,0.10972873604239779,0.28535379236084524,0.008970667041443723,2.711418325029548,0.0941027592361537
t1,t03,gru32_behavior,reset_iso,256,3,0.02693710644690757,0.10096006719203399,0.2798280697855213,0.009731405061468803,2.9300871451279975,0.10208294024270315
t1,t03,gru32_behavior,reset_null,0,3,0.01879831327903378,0.07045593317488766,,0.008006958308914866,1.0,
t1,t03,gru32_behavior,reset_null,256,3,0.020045643574971257,0.07513091750316782,,0.008234472488295954,1.0,
t1,t03,gru32_behavior,reset_ring4,0,3,0.023792228709353918,0.08917308968871722,0.23621778117584882,0.008634765478022007,3.2033087314869912,0.10572013794263581
t1,t03,gru32_behavior,reset_ring4,256,3,0.026257157099622595,0.09841162228298729,0.22443009471998646,0.009028463546379558,3.0695691648784678,0.11054039787910418
t1,t03,gru32_behavior,ring4,0,3,0.007044666845180766,0.009545826797607274,,0.002818662439654161,2.4449668889161904,
t1,t03,gru32_behavior,ring8,0,3,0.007147851530334444,0.009685646487351221,,0.002446222550782958,3.0902009693450543,
t1,t03,gru4_behavior,long8,0,3,0.30062451055031836,0.40735915152495233,,0.020432223111615428,1.2349651498857208,
t1,t03,gru4_behavior,reset_iso,0,3,0.08275187913559626,0.31015340471938485,0.485077164260335,0.01356007856547386,1.5075349064205366,0.14224592246874335
t1,t03,gru4_behavior,reset_iso,256,3,0.0827878475480233,0.3102882140517303,0.4880254632699097,0.01352439680385679,1.508105013422991,0.14187161895184092
t1,t03,gru4_behavior,reset_null,0,3,0.04524541487058114,0.16957946594853132,,0.014643569561743489,1.0,
t1,t03,gru4_behavior,reset_null,256,3,0.045229423254926064,0.16951952949640245,,0.015173907344448853,1.0,
t1,t03,gru4_behavior,reset_ring4,0,3,0.0671074852755764,0.25151833720018685,0.39425334662558714,0.010802976228832037,1.6941798893336877,0.13226672339973747
t1,t03,gru4_behavior,reset_ring4,256,3,0.06736069053095776,0.2524673485443364,0.39187647521663793,0.010858793663671316,1.6962612338341383,0.13295012666365152
t1,t03,gru4_behavior,ring4,0,3,0.01283931421641086,0.017397823403637463,,0.0030218551820204143,1.538978453980932,
t1,t03,gru4_behavior,ring8,0,3,0.015068380352695898,0.02041830396361526,,0.0036449411533897784,1.6149446041987978,
t1,t03,node32_behavior,long8,0,3,0.21456214695987927,0.29074094449234517,,0.016755486969858683,1.2209841041642866,
t1,t03,node32_behavior,reset_iso,0,3,0.040750326650909434,0.15273190997266384,0.5193308835755179,0.01588030262120862,1.7409549737340684,0.16658519230029883
t1,t03,node32_behavior,reset_iso,256,3,0.09548960064497823,0.35789428668810336,0.6576952679676228,0.025535425943442158,1.264912839610543,0.2678679331700671
t1,t03,node32_behavior,reset_null,0,3,0.03815098103322486,0.1429895826468244,,0.010848067563378088,1.0,
t1,t03,node32_behavior,reset_null,256,3,0.0836225379922629,0.31341662739861564,,0.016893565392830424,1.0,
t1,t03,node32_behavior,reset_ring4,0,3,0.04140669731099906,0.15519198214396923,0.41993503698844636,0.012841980363042802,1.904959526962367,0.15723136185842396
t1,t03,node32_behavior,reset_ring4,256,3,0.08889776649337305,0.3331881431319455,0.5035603667443417,0.016844298193894682,1.3340807848006981,0.2062339195127007
t1,t03,node32_behavior,ring4,0,3,0.012103739763217514,0.01640108835835539,,0.002348161538777901,1.5112790006836037,
t1,t03,node32_behavior,ring8,0,3,0.014115548398188371,0.019127175652675087,,0.0024298289542302553,1.6039233513183553,
